{
  "following": {
    "mean": 5.666666666666667,
    "std": 6.599663291074443,
    "min": 1,
    "max": 15,
    "total": 17
  },
  "engulfing": {
    "mean": 5.333333333333333,
    "std": 6.847546194724712,
    "min": 0,
    "max": 15,
    "total": 16
  },
  "separating": {
    "mean": 0.0,
    "std": 0.0,
    "min": 0,
    "max": 0,
    "total": 0
  }
}