{
  "following": {
    "mean": 1.3333333333333333,
    "std": 1.8856180831641267,
    "min": 0,
    "max": 4,
    "total": 4
  },
  "engulfing": {
    "mean": 2.0,
    "std": 1.4142135623730951,
    "min": 1,
    "max": 4,
    "total": 6
  },
  "separating": {
    "mean": 0.0,
    "std": 0.0,
    "min": 0,
    "max": 0,
    "total": 0
  }
}