{
  "following": {
    "mean": 0.6666666666666666,
    "std": 0.4714045207910317,
    "min": 0,
    "max": 1,
    "total": 2
  },
  "engulfing": {
    "mean": 0.3333333333333333,
    "std": 0.4714045207910317,
    "min": 0,
    "max": 1,
    "total": 1
  },
  "separating": {
    "mean": 0.0,
    "std": 0.0,
    "min": 0,
    "max": 0,
    "total": 0
  }
}