{
  "following": {
    "mean": 2.3333333333333335,
    "std": 1.247219128924647,
    "min": 1,
    "max": 4,
    "total": 7
  },
  "engulfing": {
    "mean": 1.6666666666666667,
    "std": 1.247219128924647,
    "min": 0,
    "max": 3,
    "total": 5
  },
  "separating": {
    "mean": 0.0,
    "std": 0.0,
    "min": 0,
    "max": 0,
    "total": 0
  }
}