{
  "following": {
    "mean": 1.6666666666666667,
    "std": 0.9428090415820634,
    "min": 1,
    "max": 3,
    "total": 5
  },
  "engulfing": {
    "mean": 1.0,
    "std": 1.4142135623730951,
    "min": 0,
    "max": 3,
    "total": 3
  },
  "separating": {
    "mean": 0.0,
    "std": 0.0,
    "min": 0,
    "max": 0,
    "total": 0
  }
}