{
  "following": {
    "mean": 2.6666666666666665,
    "std": 3.7712361663282534,
    "min": 0,
    "max": 8,
    "total": 8
  },
  "engulfing": {
    "mean": 3.3333333333333335,
    "std": 3.2998316455372216,
    "min": 1,
    "max": 8,
    "total": 10
  },
  "separating": {
    "mean": 0.0,
    "std": 0.0,
    "min": 0,
    "max": 0,
    "total": 0
  }
}